chelo,e5005d00-e663-3cec-a558-ca7000a1d076
maksbend,dcbba9b7-86e3-3750-93bd-7f3129c69c9d
zym4ik,fb055d6b-7fc7-3882-9268-622cc669ba10
kleker,5db992aa-ac2a-3d2e-81f7-873d7628fcab
timagvozdev2017,494689ed-552e-3318-bd1e-0cfd566e56cb
turikhnax,c762e72e-32f7-3bd8-baad-f6202c899a57
__kokosyt__,cd10004d-9e0d-3ffa-9c8e-ae2deb938960
wertual,9d5d0cdc-d27b-342a-8edb-2d9d42237d7a
alexey_vilnusov,125a47a5-b8b4-33d3-90e3-941b4c020310
moonpixel,5bc11d06-7a5b-3a49-94b1-cc2437d208a0
airpapi,e1f4fc11-cb5f-39a6-9306-2537175b7f22
darkrage,acf469e7-94ee-386a-a019-25c4d92ba168
donatik_tok,0e3c80f0-114f-382b-993c-8d0d99aa936b
lolipup228,99d457a6-575b-387a-a3ea-cad1da823244
memasgelya,e8e288d4-57c1-3330-a091-d601855547c3
cacickavteste,eb2149f9-913c-38ec-bbea-4ad29ca51a1c
diebekiffte,ddc54c0f-a6f6-3f18-9fd1-a9057e54fb5f
temka_,1513e318-453d-3bd0-8007-2e2e695f78ad
_topbez_,abdb3306-09a0-3d98-9e90-579aef26abfb
donbicon_,cb4480bd-b221-37ef-8527-1c0f30bbea76
lilpeep,181124bf-33d6-3353-98dc-70710331c53e
sovikon,aa888fd4-e7bf-390e-bc4e-b3dc6dea4711
__mrenotik__,28b62e80-7025-3ba8-8cfc-d2eaac8b7b69
oldnan,25c5b072-06b8-3456-a50f-f0c7cbe94d31
hardgirl_,55f8471d-e891-3239-9e8b-943f801d89c1
matteredz12,41090260-a3ad-3bca-a852-073d68b64b57
misti292,d281993f-6b45-3caf-a898-336023af6fd5
iii_4elovek_iii_,69748d42-e2f8-3cd5-a721-7c174adb1b62
kench,a97fb81b-87ee-31ca-a274-439fca4f538a
heifa,f349b4ad-0824-334c-b9b1-66bc814649dc
revallka229,e28a9804-911d-3340-bdcf-fe9879489bd1
744645,555106d7-2aba-30fb-9811-93cb2088c0de
lenelyt,ca208869-4740-34f2-bf04-3b07faf551aa
vladbeliy06,6fd0d1b9-9e46-354c-9dcd-ebf914eea3d1
990018_2,708525a3-70f4-3840-a4e7-fe14d8c25ca1
testt,3f645540-85ce-3386-84c1-8cb975c71c8f
spayder12345,7c464e92-6dce-3b6d-87e0-76a34d284940
tankbenz,e820dd45-715f-37fe-af18-45e671be3d37
yt_redes_yt,78d6531e-5521-36f0-b659-97a26f9080c3
devas,bf3ca2db-7c73-3f00-aee1-f22c033a9d6b
sonicgames,cb463296-72a4-3015-828a-1660669ca64f
enderka_easy_xd,be4e8322-2932-3b6c-88a9-ea60906c5af1
noobos,6886cba2-1053-3a40-b163-41618bdec581
79041123177,63b65fe0-282e-34f2-b7d7-3a0d6ca5e7a6
be3y4uu_kot,06ee7807-ec64-3392-9d57-4294120ca593
gohiiiuk,1092586d-56b6-395f-b1b8-3cfbab642297
ifdz,1848333a-f89c-320a-ba3c-140ba09e99f1
juststudio,30546454-ed3c-3869-ae72-babbdd46ab0c
_dibillo_,894753f3-eac8-378d-b70a-ec8f04a1e36e
dany2282005,4d97fa53-7823-391e-a57b-bf044f17eb73
oldmen,be109df9-f1d0-345a-99f4-c0e4befacf11
cnugky6ep,aa3d0fd2-4624-39cf-be85-ff891cdbbaba
_neo_,e3fc916b-dfa7-38cb-a4ff-595dab86033d
burger_,5515cbc9-e63f-3c4a-b07c-e96269bd41c6
ctnb,c046c7aa-898b-3c76-bb41-cd69fcaaf404
anime_dasha,4ce55e29-bed6-32ba-aa8c-e233eab359f1
dark_volk_top,0d9672de-fdd8-3ecd-bcaa-64e16aaf6a7b
jaroslaw,6ca26ffb-5c57-3eec-8f27-a775562c8ecd
legendarywolf,da5f1bbb-388f-32bf-a388-ccb9216bbccd
ery145,772167b7-ec9d-302a-95f1-0bd83bd7ab1d
_lelennox_,ec545db7-405f-3a00-aa15-154a93e2587f
kh9i3b,f6d90168-683a-36ab-9fc6-3b8cdf2fbcef
y_meh9_jlattku,25909aee-d64b-3caf-bc6e-75375df5e850
mankagrief,954f8290-87b2-3f3f-be8e-82132bcf5b40
oldman,364ac14a-30fb-360a-81c2-e674b06e438d
just,27762fa9-d473-34d2-8ecc-78012b6bb597
l3addigaming,64d9ae19-4c84-3d86-82b2-7099e8e2b5de
razer_adam,47f1fa5a-2258-318e-bfd4-9eb74cc11009
unfixxx,f83bce0e-e670-3d7a-9e3f-db8bfd7f7bce
artiko123,efbdc9cc-f8b1-30fb-aed2-e0931d43d7e5
wertik,8cf34ddb-f4e1-3817-a2ed-91da1b91016b
_shadowpriestok_,cc0188f8-b410-3392-b011-e450bfa5613d
yt_diper_yt,7cb866f0-0851-3d1c-bdc0-851a4c68d1fb
kompazik,6fcc71da-db45-311c-9113-32683f59c51a
feetoficial,8845191c-92db-3181-ad71-e64e09ffa2f2
rakenta_mix,98beb21f-b9f2-34ea-be40-d4b82b47a024
_cjladoctb_,44207b33-52f2-3334-9749-9dd00503692c
thelastsoul,8d0e9855-83a8-3668-9455-bd3338e95149
dep3kiu_tpojlb,9ebf359e-7861-3d65-b548-73187fe34b40
fullhd_,1c8b3136-9009-33c8-8e44-cd4ff37937e4
0595680,2684470a-ca07-3f3c-b2c3-f9fdbf046df5
llya1004867,06ab66b2-3aac-3801-bb82-fe4b024769c9
holdiss,49d70ba3-8d8c-34bc-82fe-16e18122e5c8
dododo2555,ad68bb4b-58fe-3362-87bb-6042daba7baa
mrandriy,3e59672c-819f-32b4-ae03-5fa065dadefd
segos,4201c20c-754f-3425-aeff-2da07cc4f6fd
wither,d34f8442-d1fd-350b-b509-6fc14a9b2bf7
venexzide,fcc262e6-244e-36d4-b09e-5ed427ceb29a
jma,875e9b86-3a44-3e78-ac29-9223ba0c6892
